/home/ubuntu/work_ar_audit/lib_source/Lib/64-bit-dll/NN60.DLL	172032 bytes
/home/ubuntu/work_ar_audit/lib_source/Lib/64-bit-dll/NNB60.DLL	172032 bytes
/home/ubuntu/work_ar_audit/lib_source/Lib/AMSLIB.plx	364544 bytes
/home/ubuntu/work_ar_audit/lib_source/Lib/APSI009.fmx	251196 bytes
/home/ubuntu/work_ar_audit/lib_source/Lib/APST015.fmx	725020 bytes
/home/ubuntu/work_ar_audit/lib_source/Lib/DTSLIB.plx	425984 bytes
/home/ubuntu/work_ar_audit/lib_source/Lib/ERPSTPLIB.plx	9994240 bytes
/home/ubuntu/work_ar_audit/lib_source/Lib/ERPSTPLIB_TRK.plx	8073216 bytes
/home/ubuntu/work_ar_audit/lib_source/Lib/FASLIB.plx	630784 bytes
/home/ubuntu/work_ar_audit/lib_source/Lib/FMRUSW.RES	86020 bytes
/home/ubuntu/work_ar_audit/lib_source/Lib/FMSLIB.plx	221184 bytes
/home/ubuntu/work_ar_audit/lib_source/Lib/FNGLIB.plx	3731456 bytes
/home/ubuntu/work_ar_audit/lib_source/Lib/GLSLIB.plx	860160 bytes
/home/ubuntu/work_ar_audit/lib_source/Lib/HRSLIB.plx	3203072 bytes
/home/ubuntu/work_ar_audit/lib_source/Lib/HRSS031.fmx	390428 bytes
/home/ubuntu/work_ar_audit/lib_source/Lib/IASLIBSEC.plx	208896 bytes
/home/ubuntu/work_ar_audit/lib_source/Lib/IBSLIB.plx	258048 bytes
/home/ubuntu/work_ar_audit/lib_source/Lib/MRPDBA.plx	4796416 bytes
/home/ubuntu/work_ar_audit/lib_source/Lib/MRPLIB.plx	151552 bytes
/home/ubuntu/work_ar_audit/lib_source/Lib/MRPOG.plx	28672 bytes
/home/ubuntu/work_ar_audit/lib_source/Lib/MRPSYSTEM.mmx	21204 bytes
/home/ubuntu/work_ar_audit/lib_source/Lib/MTXLIB.plx	5488640 bytes
/home/ubuntu/work_ar_audit/lib_source/Lib/PMSLIB.plx	790528 bytes
/home/ubuntu/work_ar_audit/lib_source/Lib/POSSTP_LIB.plx	610304 bytes
/home/ubuntu/work_ar_audit/lib_source/Lib/REMLIB.plx	1077248 bytes
/home/ubuntu/work_ar_audit/lib_source/Lib/SHLLIB.plx	385024 bytes
/home/ubuntu/work_ar_audit/lib_source/Lib/SHPLIB.plx	360448 bytes
/home/ubuntu/work_ar_audit/lib_source/Lib/SYS_E_LIB.plx	294912 bytes
/home/ubuntu/work_ar_audit/lib_source/Lib/TransferToMTN.exe	23552 bytes
/home/ubuntu/work_ar_audit/lib_source/Lib/YSComUsb.dll	143360 bytes
/home/ubuntu/work_ar_audit/lib_source/Lib/YSERP_LIB.plx	458752 bytes
/home/ubuntu/work_ar_audit/lib_source/Lib/YSERP_MNU.mmx	2308 bytes
/home/ubuntu/work_ar_audit/lib_source/Lib/YSPOS_LIB.plx	499712 bytes
/home/ubuntu/work_ar_audit/lib_source/Lib/YSPOS_MNU.mmx	172280 bytes
/home/ubuntu/work_ar_audit/lib_source/Lib/YsErpSYs.dll	110592 bytes
/home/ubuntu/work_ar_audit/lib_source/Lib/YsGoogleMap.ocx	102400 bytes
/home/ubuntu/work_ar_audit/lib_source/Lib/calendar.pll	65536 bytes
/home/ubuntu/work_ar_audit/lib_source/Lib/calendar.plx	28672 bytes
/home/ubuntu/work_ar_audit/lib_source/Lib/d2kwut60.dll	192512 bytes
/home/ubuntu/work_ar_audit/lib_source/Lib/d2kwutil.pll	692224 bytes
/home/ubuntu/work_ar_audit/lib_source/Lib/d2kwutil.plx	311296 bytes
/home/ubuntu/work_ar_audit/lib_source/Lib/mrpslib.plx	303104 bytes
