source,target,relation
3433INVT011,INV_ITM_TRNS,compiled_reference
ADMI005,GENS018,compiled_reference
AMSR001,AMSR001_DTL,report_reference
AMSR004,AMSR004_DTL,report_reference
AMSR005,AMSR005_DTL,report_reference
AMSR005,AMSR005_SUM,report_reference
AMSR006,AMSR006_DTL,report_reference
AMSR007,AMSR007_SUM,report_reference
AMSR008,AMSR008_SUM,report_reference
AMSR010,AMSR010_DTL,report_reference
AMSR011,AMSR011_DTL,report_reference
AMSR012,AMSR012_DTL,report_reference
AMSR013,AMSR013_SUM,report_reference
AMSR013,AMSR014_SUM,report_reference
AMSR014,AMSR015_DTL,report_reference
APSI002,APSI008,compiled_reference
APSI002,APST005,compiled_reference
APSI002,APST010,compiled_reference
APSI002,APST013,compiled_reference
APSI002,ARST004,compiled_reference
APSI002,ARST006,compiled_reference
APSI002,ARST016,compiled_reference
APSI002,ERP_CODE_TRNS,compiled_reference
APSI002,GLST001,compiled_reference
APSI002,GLST002,compiled_reference
APSI002,GLST004,compiled_reference
APSI002,INVT003,compiled_reference
APSI002,INVT004,compiled_reference
APST001,APST015,compiled_reference
APST001,INVI023,compiled_reference
APST001,INV_ITM_TRNS,compiled_reference
APST001,YS_ICODE_LOV,compiled_reference
APST002,YS_ICODE_LOV,compiled_reference
APST003,APST011,compiled_reference
APST003,INVI010,compiled_reference
APST003,INVI023,compiled_reference
APST003,INV_ITM_TRNS,compiled_reference
APST003,YS_ICODE_LOV,compiled_reference
APST005,ERP_CODE_TRNS,compiled_reference
APST005,INVI010,compiled_reference
APST005,INVI023,compiled_reference
APST005,INV_ITM_TRNS,compiled_reference
APST005,INV_REEVALUATION,compiled_reference
APST005,YS_ICODE_LOV,compiled_reference
APST006,APST005,compiled_reference
APST006,GLST001,compiled_reference
APST010,ERP_CODE_TRNS,compiled_reference
APST010,INV_ITM_TRNS,compiled_reference
APST010,YS_ICODE_LOV,compiled_reference
APST013,INVT007,compiled_reference
APST017,GLST001,compiled_reference
APST019,ERP_CODE_TRNS,compiled_reference
APST019,YS_ICODE_LOV,compiled_reference
ARSI004,ERP_CODE_TRNS,compiled_reference
ARSI005,APST005,compiled_reference
ARSI005,APST010,compiled_reference
ARSI005,ARSI009,compiled_reference
ARSI005,ARST004,compiled_reference
ARSI005,ARST006,compiled_reference
ARSI005,GLST001,compiled_reference
ARSI005,GLST002,compiled_reference
ARSI005,GLST004,compiled_reference
ARSI005,INVT003,compiled_reference
ARSI005,INVT004,compiled_reference
ARSI005,REMT001,compiled_reference
ARSI005,REMT004,compiled_reference
ARSI005,REMT005,compiled_reference
ARSI005,REMT010,compiled_reference
ARSI005,REMT011,compiled_reference
ARSI005,REMT020,compiled_reference
ARSI012,APST005,compiled_reference
ARSI012,APST010,compiled_reference
ARSI012,ARSI009,compiled_reference
ARSI012,ARST004,compiled_reference
ARSI012,ARST006,compiled_reference
ARSI012,GLST001,compiled_reference
ARSI012,GLST002,compiled_reference
ARSI012,GLST004,compiled_reference
ARSI012,INVT003,compiled_reference
ARSI012,INVT004,compiled_reference
ARSI012,REMT001,compiled_reference
ARSI012,REMT004,compiled_reference
ARSI012,REMT005,compiled_reference
ARSI012,REMT010,compiled_reference
ARSI012,REMT011,compiled_reference
ARSI012,REMT020,compiled_reference
ARSI023,ARSIMPXLS_SUB_CST,compiled_reference
ARST003,ARSI008,compiled_reference
ARST003,ARSI021,compiled_reference
ARST003,ARST024,compiled_reference
ARST003,GLST004,compiled_reference
ARST004,ARSI008,compiled_reference
ARST004,ARSI021,compiled_reference
ARST004,ERP_CODE_TRNS,compiled_reference
ARST004,GLST004,compiled_reference
ARST004,INV_ITM_TRNS,compiled_reference
ARST004,YS_ICODE_LOV,compiled_reference
ARST005,ARST019,compiled_reference
ARST006,INV_ITM_TRNS,compiled_reference
ARST018,APST005,compiled_reference
ARST018,APST010,compiled_reference
ARST018,ARST004,compiled_reference
ARST018,ARST006,compiled_reference
ARST018,ARST016,compiled_reference
ARST018,GLST001,compiled_reference
ARST018,GLST002,compiled_reference
ARST018,GLST004,compiled_reference
ARST018,INVT003,compiled_reference
ARST018,INVT004,compiled_reference
ARST019,APST005,compiled_reference
ARST019,APST010,compiled_reference
ARST019,ARST004,compiled_reference
ARST019,ARST006,compiled_reference
ARST019,GLST001,compiled_reference
ARST019,GLST002,compiled_reference
ARST019,GLST004,compiled_reference
ARST019,INVT003,compiled_reference
ARST019,INVT004,compiled_reference
ARST019,INVT005,compiled_reference
ARST019,INVT006,compiled_reference
ARST019,INVT007,compiled_reference
ARST019,INVT011,compiled_reference
ARST019,INVT012,compiled_reference
ARST023,INV_ITM_TRNS,compiled_reference
BGTT003,ERP_CODE_TRNS,compiled_reference
BGTT004,ERP_CODE_TRNS,compiled_reference
BGTT004 - 10022016,ERP_CODE_TRNS,compiled_reference
ERP_CODE_TRNS,APST005,compiled_reference
ERP_CODE_TRNS,APST010,compiled_reference
ERP_CODE_TRNS,ARST004,compiled_reference
ERP_CODE_TRNS,ARST006,compiled_reference
ERP_CODE_TRNS,ARST016,compiled_reference
ERP_CODE_TRNS,GLST001,compiled_reference
ERP_CODE_TRNS,GLST002,compiled_reference
ERP_CODE_TRNS,GLST004,compiled_reference
ERP_CODE_TRNS,INVT003,compiled_reference
ERP_CODE_TRNS,INVT004,compiled_reference
ERP_CODE_TRNS,REMT001,compiled_reference
ERP_CODE_TRNS,REMT004,compiled_reference
ERP_CODE_TRNS,REMT005,compiled_reference
ERP_CODE_TRNS,REMT010,compiled_reference
ERP_CODE_TRNS,REMT011,compiled_reference
ERP_CODE_TRNS,REMT020,compiled_reference
ERP_DBA,ERP_DBA_DFLT_DATA,compiled_reference
ERP_DBA_Cmp,ERP_DBA_DFLT_DATA,compiled_reference
ERP_DBA_DFLT_DATA,ERP_DBA_DFLT_DATA_LNG,compiled_reference
ERP_DBA_DFLT_DATA_LNG,ERP_DBA_DFLT_DATA_LNG_TURKEY,compiled_reference
ERP_DBA_DFLT_DATA_TRK,ERP_DBA_DFLT_DATA_LNG,compiled_reference
ERP_DBA_TRK,ERP_DBA_DFLT_DATA,compiled_reference
ERP_Install,ERP_DBA,compiled_reference
ERP_LOGIN,ACTIVATION_CODE,compiled_reference
ERP_LOGIN,ADMI015,compiled_reference
ERP_LOGIN,ADMI021,compiled_reference
ERP_LOGIN,ADMT027,compiled_reference
ERP_LOGIN,GENS018,compiled_reference
ERP_LOGIN,OTHR004,compiled_reference
ERP_LOGIN,OTHR005,compiled_reference
ERP_LOGIN - Copy,ACTIVATION_CODE,compiled_reference
ERP_LOGIN - Copy,ADMI015,compiled_reference
ERP_LOGIN - Copy,ADMI021,compiled_reference
ERP_LOGIN - Copy,ADMT027,compiled_reference
ERP_LOGIN - Copy,GENS018,compiled_reference
ERP_LOGIN - Copy,OTHR004,compiled_reference
ERP_LOGIN - Copy,OTHR005,compiled_reference
ERP_LOGIN_TST,ACTIVATION_CODE,compiled_reference
ERP_LOGIN_TST,ADMI015,compiled_reference
ERP_LOGIN_TST,ADMI021,compiled_reference
ERP_LOGIN_TST,ADMT027,compiled_reference
ERP_LOGIN_TST,GENS018,compiled_reference
ERP_LOGIN_TST,OTHR004,compiled_reference
ERP_LOGIN_TST,OTHR005,compiled_reference
ERP_REAL_TRNS,APST005,compiled_reference
ERP_REAL_TRNS,APST010,compiled_reference
ERP_REAL_TRNS,ARST004,compiled_reference
ERP_REAL_TRNS,ARST006,compiled_reference
ERP_REAL_TRNS,ARST016,compiled_reference
ERP_REAL_TRNS,GLST001,compiled_reference
ERP_REAL_TRNS,GLST002,compiled_reference
ERP_REAL_TRNS,GLST004,compiled_reference
ERP_REAL_TRNS,INVT003,compiled_reference
ERP_REAL_TRNS,INVT004,compiled_reference
ERP_REAL_TRNS,REMT001,compiled_reference
ERP_REAL_TRNS,REMT004,compiled_reference
ERP_REAL_TRNS,REMT005,compiled_reference
ERP_REAL_TRNS,REMT010,compiled_reference
ERP_REAL_TRNS,REMT011,compiled_reference
ERP_REAL_TRNS,REMT020,compiled_reference
FASI001,FAS_IMP_XLS_LOC,compiled_reference
FASI002,FAS_IMP_XLS_GRP,compiled_reference
FASI003,FAS_AS_TRNS,compiled_reference
FASI004,FAS_BARCODE,compiled_reference
FASI004,FAS_IMP_XLS_ASSETS,compiled_reference
FASR004,YS_FAS_FLTR,compiled_reference
FAST002,FAS_AS_TRNS,compiled_reference
FAST006,FASR004_3SUM,report_reference
FAST006,FASR007,compiled_reference
FAST008,FAS_AS_TRNS,compiled_reference
FAST012,FAS_AS_TRNS,compiled_reference
FNGR010,YS_HRS_FLTR,compiled_reference
GENS011,YS_IMPXLS_HRCHY,compiled_reference
GENS012,YS_EMP_TRNS,compiled_reference
GENS012,YS_EMP_UPD_DATA,compiled_reference
GENS012,YS_IMPXLS_EMP,compiled_reference
GENS012_11-10-2016,YS_EMP_TRNS,compiled_reference
GENS012_11-10-2016,YS_EMP_UPD_DATA,compiled_reference
GENS012_11-10-2016,YS_IMPXLS_EMP,compiled_reference
GLSI001,ERP_CODE_TRNS,compiled_reference
GLSI001,GENIMPXLS_AC,compiled_reference
GLSI003,ERP_CODE_TRNS,compiled_reference
GLSI004,ERP_CODE_TRNS,compiled_reference
GLSI005,ERP_CODE_TRNS,compiled_reference
GLSI005,GLSI002,compiled_reference
GLSI011,ERP_CODE_TRNS,compiled_reference
GLSI014,ERP_CODE_TRNS,compiled_reference
GLSI014_NEW,ERP_CODE_TRNS,compiled_reference
GLSI017,ERP_CODE_TRNS,compiled_reference
GLSR012,GLST021,compiled_reference
GLSR012_Under_test,GLST021,compiled_reference
GLSR012_adb,GLST021,compiled_reference
GLSR012new,GLST021,compiled_reference
GLSR013,GLST021,compiled_reference
GLST001,ADMT030,compiled_reference
GLST001,APST005,compiled_reference
GLST001,APST010,compiled_reference
GLST001,APST013,compiled_reference
GLST001,ARST004,compiled_reference
GLST001,ARST006,compiled_reference
GLST001,ARST016,compiled_reference
GLST001,ERP_CODE_TRNS,compiled_reference
GLST001,GLST002,compiled_reference
GLST001,GLST004,compiled_reference
GLST001,INVT003,compiled_reference
GLST001,INVT004,compiled_reference
GLST00111,ADMT030,compiled_reference
GLST00111,APST005,compiled_reference
GLST00111,APST010,compiled_reference
GLST00111,APST013,compiled_reference
GLST00111,ARST004,compiled_reference
GLST00111,ARST006,compiled_reference
GLST00111,ARST016,compiled_reference
GLST00111,ERP_CODE_TRNS,compiled_reference
GLST00111,GLST001,compiled_reference
GLST00111,GLST002,compiled_reference
GLST00111,GLST004,compiled_reference
GLST00111,INVT003,compiled_reference
GLST00111,INVT004,compiled_reference
GLST002,ADMT030,compiled_reference
GLST002,APST005,compiled_reference
GLST002,APST010,compiled_reference
GLST002,APST013,compiled_reference
GLST002,ARST004,compiled_reference
GLST002,ARST006,compiled_reference
GLST002,ARST016,compiled_reference
GLST002,ERP_CODE_TRNS,compiled_reference
GLST002,GLST001,compiled_reference
GLST002,GLST004,compiled_reference
GLST002,INVT003,compiled_reference
GLST002,INVT004,compiled_reference
GLST002,INVT005,compiled_reference
GLST002,INVT006,compiled_reference
GLST002,INVT007,compiled_reference
GLST002,INVT011,compiled_reference
GLST002,INVT012,compiled_reference
GLST00211,ADMT030,compiled_reference
GLST00211,APST005,compiled_reference
GLST00211,APST010,compiled_reference
GLST00211,APST013,compiled_reference
GLST00211,ARST004,compiled_reference
GLST00211,ARST006,compiled_reference
GLST00211,ARST016,compiled_reference
GLST00211,ERP_CODE_TRNS,compiled_reference
GLST00211,GLST001,compiled_reference
GLST00211,GLST002,compiled_reference
GLST00211,GLST004,compiled_reference
GLST00211,INVT003,compiled_reference
GLST00211,INVT004,compiled_reference
GLST00211,INVT005,compiled_reference
GLST00211,INVT006,compiled_reference
GLST00211,INVT007,compiled_reference
GLST00211,INVT011,compiled_reference
GLST00211,INVT012,compiled_reference
GLST004,ADMT030,compiled_reference
GLST004,ARST004,compiled_reference
GLST004,ERP_CODE_TRNS,compiled_reference
GLST005,ERP_CODE_TRNS,compiled_reference
GLST006,ERP_CODE_TRNS,compiled_reference
GLST009,ERP_CODE_TRNS,compiled_reference
GLST010,ERP_CODE_TRNS,compiled_reference
GLST014,APST005,compiled_reference
GLST014,APST010,compiled_reference
GLST014,ARST004,compiled_reference
GLST014,ARST006,compiled_reference
GLST014,ARST016,compiled_reference
GLST014,FAST002,compiled_reference
GLST014,FAST003,compiled_reference
GLST014,FAST004,compiled_reference
GLST014,FAST005,compiled_reference
GLST014,FAST006,compiled_reference
GLST014,FAST008,compiled_reference
GLST014,FAST009,compiled_reference
GLST014,GLST001,compiled_reference
GLST014,GLST002,compiled_reference
GLST014,GLST004,compiled_reference
GLST014,GLST008,compiled_reference
GLST014,GLST010,compiled_reference
GLST014,GRNTT001,compiled_reference
GLST014,GRNTT002,compiled_reference
GLST014,GRNTT003,compiled_reference
GLST014,HRSPST001,compiled_reference
GLST014,HRST018,compiled_reference
GLST014,INVT003,compiled_reference
GLST014,INVT004,compiled_reference
GLST014,INVT005,compiled_reference
GLST014,INVT006,compiled_reference
GLST014,INVT007,compiled_reference
GLST014,INVT011,compiled_reference
GLST014,INVT012,compiled_reference
GLST014,REMT001,compiled_reference
GLST014,REMT004,compiled_reference
GLST014,REMT005,compiled_reference
GLST014,REMT010,compiled_reference
GLST014,REMT011,compiled_reference
GLST014,REMT020,compiled_reference
GLST014,SHPT001,compiled_reference
GLST014,SHPT002,compiled_reference
GLST015,APST005,compiled_reference
GLST015,APST010,compiled_reference
GLST015,ARST004,compiled_reference
GLST015,ARST006,compiled_reference
GLST015,ARST016,compiled_reference
GLST015,FAST002,compiled_reference
GLST015,FAST003,compiled_reference
GLST015,FAST004,compiled_reference
GLST015,FAST005,compiled_reference
GLST015,FAST006,compiled_reference
GLST015,FAST008,compiled_reference
GLST015,FAST009,compiled_reference
GLST015,GLST001,compiled_reference
GLST015,GLST002,compiled_reference
GLST015,GLST004,compiled_reference
GLST015,HRSPST001,compiled_reference
GLST015,HRST018,compiled_reference
GLST015,INVT003,compiled_reference
GLST015,INVT004,compiled_reference
GLST015,INVT005,compiled_reference
GLST015,INVT006,compiled_reference
GLST015,INVT007,compiled_reference
GLST015,INVT011,compiled_reference
GLST015,INVT012,compiled_reference
GLST015,REMT001,compiled_reference
GLST015,REMT004,compiled_reference
GLST015,REMT005,compiled_reference
GLST015,REMT010,compiled_reference
GLST015,REMT011,compiled_reference
GLST015,REMT020,compiled_reference
GLST015,SHPT001,compiled_reference
GLST015,SHPT002,compiled_reference
GLST017,ADMT030,compiled_reference
GLST017,APST005,compiled_reference
GLST017,APST010,compiled_reference
GLST017,APST013,compiled_reference
GLST017,ARST004,compiled_reference
GLST017,ARST006,compiled_reference
GLST017,ARST016,compiled_reference
GLST017,ERP_CODE_TRNS,compiled_reference
GLST017,GLST001,compiled_reference
GLST017,GLST002,compiled_reference
GLST017,GLST004,compiled_reference
GLST017,INVT003,compiled_reference
GLST017,INVT004,compiled_reference
GLST01711,ADMT030,compiled_reference
GLST01711,APST005,compiled_reference
GLST01711,APST010,compiled_reference
GLST01711,APST013,compiled_reference
GLST01711,ARST004,compiled_reference
GLST01711,ARST006,compiled_reference
GLST01711,ARST016,compiled_reference
GLST01711,ERP_CODE_TRNS,compiled_reference
GLST01711,GLST001,compiled_reference
GLST01711,GLST002,compiled_reference
GLST01711,GLST004,compiled_reference
GLST01711,INVT003,compiled_reference
GLST01711,INVT004,compiled_reference
GLST018,ADMT030,compiled_reference
GLST018,APST005,compiled_reference
GLST018,APST006,compiled_reference
GLST018,APST010,compiled_reference
GLST018,APST013,compiled_reference
GLST018,ARST004,compiled_reference
GLST018,ARST006,compiled_reference
GLST018,ARST016,compiled_reference
GLST018,ERP_CODE_TRNS,compiled_reference
GLST018,GLST001,compiled_reference
GLST018,GLST002,compiled_reference
GLST018,GLST004,compiled_reference
GLST018,INVT003,compiled_reference
GLST018,INVT004,compiled_reference
GLST018,INVT005,compiled_reference
GLST018,INVT006,compiled_reference
GLST018,INVT007,compiled_reference
GLST018,INVT011,compiled_reference
GLST018,INVT012,compiled_reference
GLST0181,ADMT030,compiled_reference
GLST0181,APST005,compiled_reference
GLST0181,APST006,compiled_reference
GLST0181,APST010,compiled_reference
GLST0181,APST013,compiled_reference
GLST0181,ARST004,compiled_reference
GLST0181,ARST006,compiled_reference
GLST0181,ARST016,compiled_reference
GLST0181,ERP_CODE_TRNS,compiled_reference
GLST0181,GLST001,compiled_reference
GLST0181,GLST002,compiled_reference
GLST0181,GLST004,compiled_reference
GLST0181,INVT003,compiled_reference
GLST0181,INVT004,compiled_reference
GLST0181,INVT005,compiled_reference
GLST0181,INVT006,compiled_reference
GLST0181,INVT007,compiled_reference
GLST0181,INVT011,compiled_reference
GLST0181,INVT012,compiled_reference
GLST01811,ADMT030,compiled_reference
GLST01811,APST005,compiled_reference
GLST01811,APST006,compiled_reference
GLST01811,APST010,compiled_reference
GLST01811,APST013,compiled_reference
GLST01811,ARST004,compiled_reference
GLST01811,ARST006,compiled_reference
GLST01811,ARST016,compiled_reference
GLST01811,ERP_CODE_TRNS,compiled_reference
GLST01811,GLST001,compiled_reference
GLST01811,GLST002,compiled_reference
GLST01811,GLST004,compiled_reference
GLST01811,INVT003,compiled_reference
GLST01811,INVT004,compiled_reference
GLST01811,INVT005,compiled_reference
GLST01811,INVT006,compiled_reference
GLST01811,INVT007,compiled_reference
GLST01811,INVT011,compiled_reference
GLST01811,INVT012,compiled_reference
GLST020,ACTIVATION_CODE,compiled_reference
GLST020,APST005,compiled_reference
GLST020,APST010,compiled_reference
GLST020,ARST004,compiled_reference
GLST020,ARST006,compiled_reference
GLST020,ARST016,compiled_reference
GLST020,FAST002,compiled_reference
GLST020,FAST003,compiled_reference
GLST020,FAST004,compiled_reference
GLST020,FAST005,compiled_reference
GLST020,FAST006,compiled_reference
GLST020,FAST008,compiled_reference
GLST020,FAST009,compiled_reference
GLST020,GLST001,compiled_reference
GLST020,GLST002,compiled_reference
GLST020,GLST004,compiled_reference
GLST020,GLST010,compiled_reference
GLST020,GRNTT001,compiled_reference
GLST020,GRNTT002,compiled_reference
GLST020,GRNTT003,compiled_reference
GLST020,HRSPST001,compiled_reference
GLST020,HRST018,compiled_reference
GLST020,INVT003,compiled_reference
GLST020,INVT004,compiled_reference
GLST020,INVT005,compiled_reference
GLST020,INVT006,compiled_reference
GLST020,INVT007,compiled_reference
GLST020,INVT011,compiled_reference
GLST020,INVT012,compiled_reference
GLST020,REMT001,compiled_reference
GLST020,REMT004,compiled_reference
GLST020,REMT005,compiled_reference
GLST020,REMT010,compiled_reference
GLST020,REMT011,compiled_reference
GLST020,REMT020,compiled_reference
GLST020,SHPT001,compiled_reference
HRSDOCI003,ADMT031,compiled_reference
HRSMDCR001,YS_HRS_FLTR,compiled_reference
HRSMDCR002,YS_HRS_FLTR,compiled_reference
HRSMDCR003,YS_HRS_FLTR,compiled_reference
HRSMDCR004,YS_HRS_FLTR,compiled_reference
HRSR003,YS_HRS_FLTR,compiled_reference
HRSR007,HRS_RPRT_EMP,compiled_reference
HRSR007,YS_HRS_FLTR,compiled_reference
HRSR009,YS_HRS_FLTR,compiled_reference
HRSR010,YS_HRS_FLTR,compiled_reference
HRSR011,YS_HRS_FLTR,compiled_reference
HRSR012,YS_HRS_FLTR,compiled_reference
HRSR013,YS_HRS_FLTR,compiled_reference
HRSR015,YS_HRS_FLTR,compiled_reference
HRSR019,YS_HRS_FLTR,compiled_reference
HRSR021,YS_HRS_FLTR,compiled_reference
HRSR032,YS_HRS_FLTR,compiled_reference
HRSR047,YS_HRS_FLTR,compiled_reference
HRSRCUR001,YS_HRS_FLTR,compiled_reference
HRSRCUR002,YS_HRS_FLTR,compiled_reference
HRSRCUR004,YS_HRS_FLTR,compiled_reference
HRSRCUR005,YS_HRS_FLTR,compiled_reference
HRSRCUR006,YS_HRS_FLTR,compiled_reference
HRSRCUR007,YS_HRS_FLTR,compiled_reference
HRSRCUT011,HRSRCUT011_DTL,report_reference
HRSRCUT012,HRSRCUT012_DTL,report_reference
HRSS002,HRSS009,compiled_reference
HRSS016,ERP_CODE_TRNS,compiled_reference
HRST001,YS_EMP_UPD_DATA,compiled_reference
HRST001,YS_IMPXLS_EMP,compiled_reference
HRST001_B,YS_EMP_UPD_DATA,compiled_reference
HRST001_B,YS_IMPXLS_EMP,compiled_reference
HRST006,ERP_CODE_TRNS,compiled_reference
HRST012,YS_HRS_FLTR,compiled_reference
HRST027,YS_HRS_FLTR,compiled_reference
HRST040,HRSPST001,compiled_reference
HRSTDD012,YS_HRS_FLTR,compiled_reference
HRSTRNR010,YS_HRS_FLTR,compiled_reference
INVI008,ARSI022,compiled_reference
INVI008,INVI001,compiled_reference
INVI008,INVI002,compiled_reference
INVI008,INVI003,compiled_reference
INVI008,INVI005,compiled_reference
INVI008,INVI014,compiled_reference
INVI008,INVI015,compiled_reference
INVI008,INVI016,compiled_reference
INVI008,INVI020,compiled_reference
INVI008,INVS003,compiled_reference
INVI008,INV_IMPXLS_AVLQTY,compiled_reference
INVI008,INV_IMPXLS_BARCODE,compiled_reference
INVI008,INV_IMPXLS_ITEM,compiled_reference
INVI008,INV_ITM_TRNS,compiled_reference
INVI008,POSI005,compiled_reference
INVI008,POSI006,compiled_reference
INVI010,INV_IMPXLS_PRICE,compiled_reference
INVI023,INVI010,compiled_reference
INVR011,INV_IMPXLS_AVLQTY,compiled_reference
INVR012,INV_IMPXLS_AVLQTY,compiled_reference
INVR030,FAS_BARCODE,compiled_reference
INVR030,INV_IMPXLS_AVLQTY,compiled_reference
INVS020,INV_IMPXLS_BATCH,compiled_reference
INVT001,INV_ITM_TRNS,compiled_reference
INVT001,YS_ICODE_LOV,compiled_reference
INVT002,INV_ITM_TRNS,compiled_reference
INVT002,YS_ICODE_LOV,compiled_reference
INVT003,ERP_CODE_TRNS,compiled_reference
INVT003,INV_ITM_TRNS,compiled_reference
INVT003,YS_ICODE_LOV,compiled_reference
INVT004,ERP_CODE_TRNS,compiled_reference
INVT004,INV_ITM_TRNS,compiled_reference
INVT004,YS_ICODE_LOV,compiled_reference
INVT005,ERP_CODE_TRNS,compiled_reference
INVT005,INV_ITM_TRNS,compiled_reference
INVT005,YS_ICODE_LOV,compiled_reference
INVT006,ERP_CODE_TRNS,compiled_reference
INVT006,INV_ITM_TRNS,compiled_reference
INVT006,YS_ICODE_LOV,compiled_reference
INVT007,ERP_CODE_TRNS,compiled_reference
INVT007,INV_ITM_TRNS,compiled_reference
INVT007,YS_ICODE_LOV,compiled_reference
INVT011,INV_ITM_TRNS,compiled_reference
INVT012,INV_ITM_TRNS,compiled_reference
INVT016,ACTIVATION_CODE,compiled_reference
INVT016,APST005,compiled_reference
INVT016,APST010,compiled_reference
INVT016,ARST004,compiled_reference
INVT016,ARST006,compiled_reference
INVT016,ARST016,compiled_reference
INVT016,FAST002,compiled_reference
INVT016,FAST003,compiled_reference
INVT016,FAST004,compiled_reference
INVT016,FAST005,compiled_reference
INVT016,FAST006,compiled_reference
INVT016,FAST008,compiled_reference
INVT016,FAST009,compiled_reference
INVT016,GLST001,compiled_reference
INVT016,GLST002,compiled_reference
INVT016,GLST004,compiled_reference
INVT016,GLST010,compiled_reference
INVT016,GRNTT001,compiled_reference
INVT016,GRNTT002,compiled_reference
INVT016,GRNTT003,compiled_reference
INVT016,HRSPST001,compiled_reference
INVT016,HRST018,compiled_reference
INVT016,INVT003,compiled_reference
INVT016,INVT004,compiled_reference
INVT016,INVT005,compiled_reference
INVT016,INVT006,compiled_reference
INVT016,INVT007,compiled_reference
INVT016,INVT011,compiled_reference
INVT016,INVT012,compiled_reference
INVT016,REMT001,compiled_reference
INVT016,REMT004,compiled_reference
INVT016,REMT005,compiled_reference
INVT016,REMT010,compiled_reference
INVT016,REMT011,compiled_reference
INVT016,REMT020,compiled_reference
INVT016,SHPT001,compiled_reference
INVT017,INV_ITM_TRNS,compiled_reference
JRSI002,ERP_CODE_TRNS,compiled_reference
JRST001,ADMT030,compiled_reference
JRST001,APST005,compiled_reference
JRST001,APST010,compiled_reference
JRST001,ARST004,compiled_reference
JRST001,ARST006,compiled_reference
JRST001,ARST013,compiled_reference
JRST001,ARST016,compiled_reference
JRST001,GLST001,compiled_reference
JRST001,GLST002,compiled_reference
JRST001,GLST004,compiled_reference
JRST001,INVT003,compiled_reference
JRST001,INVT004,compiled_reference
JRST001,JRSS003,compiled_reference
JRST002,ADMT030,compiled_reference
JRST002,APST005,compiled_reference
JRST002,APST010,compiled_reference
JRST002,ARST004,compiled_reference
JRST002,ARST006,compiled_reference
JRST002,ARST013,compiled_reference
JRST002,ARST016,compiled_reference
JRST002,GLST002,compiled_reference
JRST002,GLST004,compiled_reference
JRST002,INVT003,compiled_reference
JRST002,INVT004,compiled_reference
JRST002,JRSS003,compiled_reference
JRST0021,ADMT030,compiled_reference
JRST0021,APST005,compiled_reference
JRST0021,APST010,compiled_reference
JRST0021,ARST004,compiled_reference
JRST0021,ARST006,compiled_reference
JRST0021,ARST013,compiled_reference
JRST0021,ARST016,compiled_reference
JRST0021,GLST002,compiled_reference
JRST0021,GLST004,compiled_reference
JRST0021,INVT003,compiled_reference
JRST0021,INVT004,compiled_reference
JRST0021,JRSS003,compiled_reference
MNTT001,GLST004,compiled_reference
PMSI024,ERP_CODE_TRNS,compiled_reference
PMSI026,ERP_CODE_TRNS,compiled_reference
PMSS005,ERP_CODE_TRNS,compiled_reference
PMST062,ERP_CODE_TRNS,compiled_reference
PMST063,ERP_CODE_TRNS,compiled_reference
PMST090,ERP_CODE_TRNS,compiled_reference
POSI010,POSI011,compiled_reference
POSLGN,ACTIVATION_CODE,compiled_reference
POSLGN,POSADVS,compiled_reference
POST001,POSADVS,compiled_reference
REMI001,ARST004,compiled_reference
REMI001,ERP_REAL_TRNS,compiled_reference
REMI001,GLST001,compiled_reference
REMI001,GLST002,compiled_reference
REMI001,GLST004,compiled_reference
REMI001,REMIMPXLS_REAL,compiled_reference
REMI001,REMT001,compiled_reference
REMI001,REMT004,compiled_reference
REMI001,REMT005,compiled_reference
REMI001,REMT010,compiled_reference
REMI001,REMT011,compiled_reference
REMI001,REMT020,compiled_reference
REMI010,APST005,compiled_reference
REMI010,APST010,compiled_reference
REMI010,ARSI009,compiled_reference
REMI010,ARST004,compiled_reference
REMI010,ARST006,compiled_reference
REMI010,GLST001,compiled_reference
REMI010,GLST002,compiled_reference
REMI010,GLST004,compiled_reference
REMI010,INVT003,compiled_reference
REMI010,INVT004,compiled_reference
REMI010,REMT001,compiled_reference
REMI010,REMT004,compiled_reference
REMI010,REMT005,compiled_reference
REMI010,REMT010,compiled_reference
REMI010,REMT011,compiled_reference
REMI010,REMT020,compiled_reference
REMS010,ERP_CODE_TRNS,compiled_reference
REMT001,ARST004,compiled_reference
REMT001,ERP_REAL_TRNS,compiled_reference
REMT001,GLST001,compiled_reference
REMT001,GLST002,compiled_reference
REMT001,GLST004,compiled_reference
REMT001,REMT004,compiled_reference
REMT001,REMT005,compiled_reference
REMT001,REMT010,compiled_reference
REMT001,REMT011,compiled_reference
REMT001,REMT020,compiled_reference
REMT003,ERP_REAL_TRNS,compiled_reference
REMT004,ERP_REAL_TRNS,compiled_reference
REMT005,ERP_REAL_TRNS,compiled_reference
REMT006,ERP_REAL_TRNS,compiled_reference
REMT010,ERP_REAL_TRNS,compiled_reference
REMT011,ERP_REAL_TRNS,compiled_reference
REMT015,REMT001,compiled_reference
REMT015,REMT004,compiled_reference
REMT015,REMT005,compiled_reference
REMT015,REMT010,compiled_reference
REMT015,REMT011,compiled_reference
REMT015,REMT020,compiled_reference
REMT022,ERP_REAL_TRNS,compiled_reference
STNT002,ARSI008,compiled_reference
STNT002,ERP_CODE_TRNS,compiled_reference
STNT003,ERP_CODE_TRNS,compiled_reference
STNT003_old,ERP_CODE_TRNS,compiled_reference
YS_ICODE_LOV,INV_ITM_TRNS,compiled_reference
