kind,name
sequence,ARS_CST_LGN_HSTRY_SEQ
sequence,HRS_AFR_DOC_SEQ
sequence,HRS_DOC_SEQ
sequence,IAS_ATTCH_SEQ
sequence,IAS_AUD_SEQ
sequence,IAS_DOC_SEQ
sequence,IAS_DOC_SEQ_GL
sequence,IAS_DOC_SEQ_MEASUR_ITM
sequence,IAS_DOC_SEQ_OTHR
sequence,IAS_INV_MANAGEMENT_SEQ
sequence,IAS_RCRD_ATTCH
sequence,IAS_RECNO_SEQ
sequence,IAS_SERIAL_SEQ
table,ACCOUNT
table,ACCOUNT_CURR
table,ACCOUNT_GROUPING
table,ACCOUNT_REPORT_TYPE
table,ACCOUNT_TYPES
table,ALL_BRANCHES
table,ARS_CST_TRNS_GPS
table,ARS_NEWS_CSS
table,ASSEMBLE_KIT_ITEMS
table,ASSEMBLE_KIT_ITEMS_DET
table,AUD
table,BACKUP
table,BGT_APRV_RQ_FNC_DTL
table,BGT_APRV_RQ_FNC_MST
table,BIN_DETAILS
table,CASH_AT_BANK
table,CASH_IN_HAND
table,CC_GROUPING
table,CITIES
table,CNTRY
table,COLLERCTOR
table,COMPOUND_ITEMS
table,COSTING_TYPES
table,COST_CENTERS
table,COST_CENTER_TYPES
table,COST_DETAIL
table,COST_MASTER
table,CREDIT_CARD_TYPES
table,CUSTOMER
table,CUSTOMER_CLASS
table,CUSTOMER_CURR
table,CUSTOMER_CURR_RQ
table,CUSTOMER_DEGREE
table,CUSTOMER_GROUP
table,CUSTOMER_RQ
table,DATE_LOCK
table,DETAIL_GATE_GR
table,DETAIL_INV
table,DETAIL_JOURNAL_V
table,DETAIL_OUT_BILLS
table,DISASSEMBLE_KIT_ITEMS
table,DISASSEMBLE_KIT_ITEMS_DET
table,DIS_KIT_ITEMS_DETAIL
table,EXP_DETAILS
table,EX_RATE
table,FAS_ASSETS_MST
table,FNG_ACTL_CLC_DTL
table,FNG_ACTL_CLC_MST
table,FNG_DAYOFF_DTL
table,FNG_DAYOFF_MST
table,FNG_MCHN_CODE
table,FNG_MCHN_CONN_HSTRY
table,FNG_NLS_TERRITORY
table,FNG_PARA
table,FNG_PLCY_CODE_DTL
table,FNG_PLCY_CODE_MST
table,FNG_PLCY_PNSH_DTL
table,FNG_RGLR_SHFT_DTL
table,FNG_RGLR_SHFT_MST
table,FNG_RPRT_DESIGN_DTL
table,FNG_RPRT_DESIGN_DTL_TEMP
table,FNG_RPRT_DESIGN_MST
table,FNG_RPRT_DESIGN_MST_TEMP
table,FNG_SHFT_GRP
table,FNG_SHFT_GRP_EMP
table,FNG_STNDR_CLC_DTL
table,FNG_STNDR_CLC_MST
table,FNG_VRBL_SHFT_DTL
table,FNG_VRBL_SHFT_MST
table,FNG_VSTR_DTL
table,FNG_VSTR_MST
table,FORM_DETAIL
table,GLS_BNK_CHQ_DTL
table,GLS_BNK_CHQ_MST
table,GLS_EDIT_BDGT_BLNC_DTL
table,GLS_EDIT_BDGT_BLNC_MST
table,GLS_MOV_BDGT_DTL
table,GLS_MOV_BDGT_MST
table,GLS_RQ_VCHR_MST_ACCNT
table,GLS_VCHR_MST_ACCNT
table,GPS_EVENT
table,GPS_EVENT_HISTORY
table,GRN_DETAIL
table,GRN_MASTER
table,GROUP_DETAILS
table,GR_DETAIL
table,GR_DETAIL_BR
table,GR_NOTE
table,GR_NOTE_BR
table,GUARN_ACCOUNT
table,GUARN_INCR
table,GUARN_ISSUE
table,GUARN_TYPE
table,HRS_ABSNT_CMPNS_DTL
table,HRS_ABSNT_CMPNS_MST
table,HRS_ADD_ASGN_DTL
table,HRS_ADD_ASGN_MST
table,HRS_ALNC_DTL
table,HRS_ALNC_DTL_DTL
table,HRS_ALNC_DTL_HLDY
table,HRS_ALNC_MST
table,HRS_ALRT
table,HRS_ARTCL
table,HRS_ARTCL_CALC
table,HRS_ARTCL_EFFCT
table,HRS_ARTCL_EMP
table,HRS_ARTCL_MOV_DTL
table,HRS_ARTCL_MOV_MST
table,HRS_ARTCL_MOV_RQ_DTL
table,HRS_ARTCL_MOV_RQ_MST
table,HRS_AUTHRZD_OFFCE
table,HRS_BCKPY_CALC
table,HRS_BCKPY_DTL
table,HRS_BCKPY_MST
table,HRS_CHRT_QRY
table,HRS_CNTRCT_SLRY_DTL
table,HRS_CNTRCT_SLRY_DTL_AUTO
table,HRS_CNTRCT_SLRY_HLDY
table,HRS_CNTRCT_SLRY_MST
table,HRS_CNTRCT_SLRY_MST_AUTO
table,HRS_CONN_EMP_ACC
table,HRS_CONN_SUB_DRCTRY_ACC
table,HRS_CRTFCT_LTTR
table,HRS_CRTFCT_LTTR_MODL
table,HRS_CV_EXPRNC_INFO
table,HRS_CV_JOB_SLCT
table,HRS_CV_LNG_INFO
table,HRS_CV_MST
table,HRS_CV_QLFCT_INFO
table,HRS_CV_RFRNC
table,HRS_CV_SKILL_INFO
table,HRS_CV_TRN_INFO
table,HRS_DCSN_DTL
table,HRS_DCSN_MST
table,HRS_DOC_FLDS
table,HRS_DSRV_DTL
table,HRS_DSRV_DTL_DTL
table,HRS_DSRV_MST
table,HRS_EMP_DOC_DTL
table,HRS_EMP_DOC_MST
table,HRS_EMP_LGN_HSTRY
table,HRS_EMP_MOVMNT
table,HRS_EMP_NOTES
table,HRS_EMP_REPORT
table,HRS_EVLT_EMP_DTL
table,HRS_EVLT_EMP_IMPRV
table,HRS_EVLT_EMP_MST
table,HRS_EVLT_EMP_STRNG
table,HRS_EVLT_EMP_TRNG
table,HRS_EXAM_GRP
table,HRS_FIN_TRUST
table,HRS_FORM_APP
table,HRS_FORM_EVLT_DTL
table,HRS_FORM_EVLT_MST
table,HRS_FORM_EVLT_OPTIONS
table,HRS_FORM_EXAM_DTL
table,HRS_FORM_EXAM_GRP
table,HRS_FORM_EXAM_MST
table,HRS_FVRT_SCR_ESS
table,HRS_GNR_CODE_DTL
table,HRS_GNR_CODE_MST
table,HRS_HLDY_ADJST
table,HRS_HLDY_CODE
table,HRS_HLDY_DTL
table,HRS_HLDY_MLTI_MST
table,HRS_HLDY_MST
table,HRS_HLDY_MST_DAY
table,HRS_HLDY_RQ_ADJST
table,HRS_HLDY_SCHDL_DTL
table,HRS_HLDY_SCHDL_MST
table,HRS_INCRS_DTL
table,HRS_INCRS_DTL_DTL
table,HRS_INCRS_MST
table,HRS_JOB_DSC_CORS
table,HRS_JOB_DSC_DSN
table,HRS_JOB_DSC_DVC
table,HRS_JOB_DSC_ENV
table,HRS_JOB_DSC_EXP
table,HRS_JOB_DSC_LNG
table,HRS_JOB_DSC_MST
table,HRS_JOB_DSC_PRP
table,HRS_JOB_DSC_PRSNL
table,HRS_JOB_DSC_QLF
table,HRS_JOB_DSC_RSP
table,HRS_JOB_DSC_SKL
table,HRS_JOB_DSC_SPC
table,HRS_JOB_DSC_SPRV
table,HRS_JOB_DSC_TRN
table,HRS_JOB_DSC_TSK
table,HRS_LAW_ARTCL_DTL
table,HRS_LAW_ARTCL_DTL_DTL
table,HRS_LAW_ARTCL_MST
table,HRS_LAW_DSRV_HLDY_ARTCL
table,HRS_LAW_DSRV_HLDY_DTL
table,HRS_LAW_DSRV_HLDY_MST
table,HRS_LAW_HLDY_DTL
table,HRS_LAW_HLDY_DTL_DTL
table,HRS_LAW_HLDY_MST
table,HRS_LAW_TAX_DTL
table,HRS_LAW_TAX_DTL_DTL
table,HRS_LAW_TAX_MST
table,HRS_LAW_TRVL_DTL
table,HRS_LAW_TRVL_DTL_DTL
table,HRS_LAW_TRVL_MST
table,HRS_LAW_YR_DSRV_DTL
table,HRS_LAW_YR_DSRV_DTL_DTL
table,HRS_LAW_YR_DSRV_MST
table,HRS_LOAN_DELAY_MST
table,HRS_LOAN_DLY_DTL
table,HRS_LOAN_DLY_MST
table,HRS_LOAN_DTL
table,HRS_LOAN_DTL_HSTRY
table,HRS_LOAN_MLTI_MST
table,HRS_LOAN_MST
table,HRS_LOAN_PYMNT_DTL
table,HRS_LOAN_PYMNT_MST
table,HRS_MCHN_DATA_ATTNDNC
table,HRS_MCHN_DATA_ATTNDNC_HSTRY
table,HRS_MDCL_CARE_DTL
table,HRS_MDCL_CARE_MST
table,HRS_MDCL_CODE
table,HRS_MDCL_MAX_LMT
table,HRS_MDCL_PLCS
table,HRS_MDCL_SCASE_CODE
table,HRS_MNG_MOV_DTL
table,HRS_MNG_MOV_HLDY
table,HRS_MNG_MOV_MST
table,HRS_MSG_EMP_DTL
table,HRS_MSG_EMP_MST
table,HRS_NEWS_ESS
table,HRS_PARA
table,HRS_PARA_AFFRS
table,HRS_PARA_ESS
table,HRS_PRD_BRN_CLS
table,HRS_PRD_DAY
table,HRS_PRD_DAY_HLDY
table,HRS_PRD_DTL
table,HRS_PRD_MST
table,HRS_PRD_WRK_DFN_DTL
table,HRS_PRD_WRK_DFN_DTL_DTL
table,HRS_PRD_WRK_DFN_MST
table,HRS_PRD_WRK_EMP
table,HRS_PRMSN
table,HRS_PRMSN_CODE
table,HRS_PRMSN_DTL
table,HRS_PRSUR
table,HRS_PRSUR_TSK
table,HRS_PST_DSRV_DTL
table,HRS_PST_DSRV_MST
table,HRS_PYMNT_FIN_TRUST_DTL
table,HRS_PYMNT_FIN_TRUST_MST
table,HRS_RCU_ACCPT_TST_SMPL_MST
table,HRS_RCU_EXAM_DTL
table,HRS_RCU_EXAM_MST
table,HRS_RCU_FLTR_DTL
table,HRS_RCU_FLTR_MST
table,HRS_RCU_INTRVW_DCSN_DTL
table,HRS_RCU_INTRVW_DCSN_MST
table,HRS_RCU_INTRVW_DTL
table,HRS_RCU_INTRVW_FLTR_DTL
table,HRS_RCU_INTRVW_FLTR_MST
table,HRS_RCU_INTRVW_MST
table,HRS_RCU_INTRVW_RSLT_DTL
table,HRS_RCU_INTRVW_RSLT_MST
table,HRS_RCU_QSTN_BNK_DTL
table,HRS_RCU_QSTN_BNK_MST
table,HRS_RCU_RQRMNT
table,HRS_RCU_RQ_RQRMNT
table,HRS_RNWL_EMP_DOC_DTL
table,HRS_RNWL_EMP_DOC_MST
table,HRS_RPRSNTATV_AGNCS
table,HRS_RQ_COLLECT
table,HRS_RQ_FIN_TRUST
table,HRS_RQ_HLDY
table,HRS_RQ_HLDY_DTL
table,HRS_RQ_LOAN
table,HRS_RQ_PRMSN
table,HRS_RQ_PYMNT_FIN_TRUST_DTL
table,HRS_RQ_PYMNT_FIN_TRUST_MST
table,HRS_RQ_TSK_ASGN
table,HRS_RQ_UPD_EMP_DATA
table,HRS_RQ_VSA_DTL
table,HRS_RQ_VSA_MST
table,HRS_SCR_ESS
table,HRS_SCR_ESS_PRV
table,HRS_SLRY_CALC_DTL
table,HRS_SLRY_CALC_DTL_HSTRY
table,HRS_SLRY_CALC_MST
table,HRS_SLRY_CALC_MST_HSTRY
table,HRS_SLRY_STP_DTL
table,HRS_SNCTN_CODE
table,HRS_SNCTN_DTL
table,HRS_SNCTN_MST
table,HRS_STMNT_RPRT_DES_DTL
table,HRS_STMNT_RPRT_DES_MST
table,HRS_STP_CODE_DTL
table,HRS_STP_CODE_MST
table,HRS_STRT_WRK
table,HRS_TAX_COD_DTL
table,HRS_TAX_COD_MST
table,HRS_TCKT_PATH
table,HRS_TCKT_PYMNT
table,HRS_TCKT_PYMNT_RLTV
table,HRS_TEAM_EXAM
table,HRS_THM_ESS
table,HRS_TRNR
table,HRS_TRNSMSN_EMP_DTL
table,HRS_TRNSMSN_EMP_DTL_DTL
table,HRS_TRNSMSN_EMP_MST
table,HRS_TRN_CNTR
table,HRS_TRN_COURS
table,HRS_TRN_COURS_EVL_DTL
table,HRS_TRN_COURS_EVL_MST
table,HRS_TRN_COURS_GOAL
table,HRS_TRN_COURS_RCORD_DTL
table,HRS_TRN_COURS_RCORD_GOAL
table,HRS_TRN_COURS_RCORD_MST
table,HRS_TRN_COURS_RCORD_RLTD
table,HRS_TRN_COURS_RCORD_SUBJCT
table,HRS_TRN_COURS_RSLT_DTL
table,HRS_TRN_COURS_RSLT_MST
table,HRS_TRN_COURS_SGN_DTL
table,HRS_TRN_COURS_SGN_MST
table,HRS_TRN_COURS_SUBJCT
table,HRS_TRN_EVL_DTL
table,HRS_TRN_EVL_MST
table,HRS_TRN_PLAN_DTL
table,HRS_TRN_PLAN_MST
table,HRS_TRN_RQ_COURS_DTL
table,HRS_TRN_RQ_COURS_MST
table,HRS_TRUST_PYMNT_TYP
table,HRS_TRVL_PYMNT_DTL
table,HRS_TRVL_PYMNT_MST
table,HRS_TRVL_PYMNT_TYP
table,HRS_TSK_DTL
table,HRS_TSK_MST
table,HRS_USR_ARTCL_PRIV
table,HRS_USR_TRNS_PRV
table,HRS_VALUATION_CODE
table,HRS_VLTN_CODE
table,HRS_VLTN_DTL
table,HRS_VLTN_LAW
table,HRS_VLTN_MST
table,HRS_VSA_AUTHRZD_DTL
table,HRS_VSA_AUTHRZD_MST
table,HRS_VSA_ISSUD_DTL
table,HRS_VSA_ISSUD_MST
table,IAS_ACCNT_MSG
table,IAS_ACCOUNT_ANLSYS
table,IAS_ACCOUNT_ANLSYS_EQ
table,IAS_ACCOUNT_CC
table,IAS_ACCOUNT_CLASS
table,IAS_ACCOUNT_OP_REQ
table,IAS_ACCOUNT_PJ
table,IAS_ACC_TREE
table,IAS_ACTVTY
table,IAS_ACTVTY_GROUP
table,IAS_ACTV_SERIALNO_DTL
table,IAS_ACTV_SERIALNO_MST
table,IAS_ACTV_TREE
table,IAS_AC_CC_LMT
table,IAS_AC_CNFRM_BLNC_DTL
table,IAS_AC_CNFRM_BLNC_MST
table,IAS_AC_EXPENSE_DIST
table,IAS_ADJST_INSTALLMENT_AP_DTL
table,IAS_ADJST_INSTALLMENT_AP_MST
table,IAS_ADJST_INSTALLMENT_DTL
table,IAS_ADJST_INSTALLMENT_MST
table,IAS_ALTERNATIVE_GROUP
table,IAS_AP_BILL_TYPES
table,IAS_AP_CHARGES
table,IAS_AP_CNTRCT_BTCH
table,IAS_AP_CNTRCT_DTL
table,IAS_AP_CNTRCT_MST
table,IAS_AP_CNTRCT_RENEW
table,IAS_AP_DISC
table,IAS_AP_DISC_HISTORY
table,IAS_AP_KIMB_DTL
table,IAS_AP_KIMB_MST
table,IAS_AP_OTHR_CHARGES
table,IAS_ARCHIVES_DTL
table,IAS_ARCHIVES_MST
table,IAS_AR_GET_DISC_TMP
table,IAS_AR_ITM_DISC_AGE_TMP
table,IAS_AR_ITM_DISC_TMP
table,IAS_AR_ITM_DISC_TMP_NW
table,IAS_AR_ITM_DISC_XLS_TMP
table,IAS_AR_ITM_SALES_EXP_TMP
table,IAS_AR_TYPS
table,IAS_AR_WH_TMP
table,IAS_ASSEMBLE_ITM_EXPND
table,IAS_ASSISTANT_GROUP
table,IAS_ATTACH_DTL
table,IAS_ATTACH_MST
table,IAS_AUDIT_DOC
table,IAS_AUD_ACC_DTL
table,IAS_AUD_ACC_MST
table,IAS_AUD_HIST
table,IAS_AUD_ITM_DTL
table,IAS_AUD_ITM_MST
table,IAS_AUD_ITM_OTHR_DTL
table,IAS_AUD_ITM_OTHR_MST
table,IAS_AUD_LMT_EXD
table,IAS_AUD_PRNT_REP
table,IAS_AUD_RPT_TMP
table,IAS_BANK_ADJUST_DTL
table,IAS_BANK_ADJUST_MST
table,IAS_BANK_GROUP
table,IAS_BATCH_NO
table,IAS_BATCH_NO_CONTENTS
table,IAS_BDGT_BLNC_CLMN_DTL
table,IAS_BDGT_BLNC_DTL
table,IAS_BDGT_BLNC_MST
table,IAS_BILL_DTL
table,IAS_BILL_DTL_ADD_DISC
table,IAS_BILL_DTL_ADD_DISC_RQ
table,IAS_BILL_DTL_BR
table,IAS_BILL_EXPIRE_DTL
table,IAS_BILL_EXPIRE_MST
table,IAS_BILL_MST
table,IAS_BILL_MST_ADD_DISC
table,IAS_BILL_MST_ADD_DISC_RQ
table,IAS_BILL_MST_BR
table,IAS_BNFCRS
table,IAS_BRN_YEARS_TEMP
table,IAS_CALC_COMM_DTL
table,IAS_CALC_COMM_MST
table,IAS_CARGO_SERVICES
table,IAS_CARGO_SERVICES_BR
table,IAS_CASH_AT_BANK_BRN
table,IAS_CASH_AT_BANK_DTL
table,IAS_CASH_CUSTMR
table,IAS_CASH_CUSTMR_GRP
table,IAS_CASH_CUSTMR_POINT_TRACE
table,IAS_CASH_IN_HAND_DTL
table,IAS_CASH_MAN_DTL
table,IAS_CASH_MAN_MST
table,IAS_CC_PJ
table,IAS_CC_TREE
table,IAS_CHECK_INCM_DTL
table,IAS_CHECK_INCM_MST
table,IAS_CHEQ_TRACE
table,IAS_CITY_DISTANCE
table,IAS_CLMN_DTL_GL
table,IAS_CLOSE_DAY_PERIODS
table,IAS_COLLECTION_PLAN
table,IAS_COLLECTION_PLAN_MST
table,IAS_COL_COM_CALC_DTL
table,IAS_COL_COM_CALC_MST
table,IAS_COL_COM_STP_DTL
table,IAS_COL_COM_STP_MST
table,IAS_COL_IMP_EXL_TMPLT
table,IAS_COL_TMP
table,IAS_COMM_CR_CARD_BANK
table,IAS_COMP_TMP
table,IAS_COMP_VERT_TMP
table,IAS_CONN_ACC_INV_BY_GL
table,IAS_CONN_GRP_ITM_TYPE
table,IAS_CONN_ITM_MSUR_UNT
table,IAS_CONN_WCODE_BY_ACTIVITY
table,IAS_CONTACT_MAN
table,IAS_CRLIMIT_TMP
table,IAS_CR_CARD_TYPES
table,IAS_CSTMEASUR
table,IAS_CSTMR_MSG
table,IAS_CST_COL
table,IAS_CST_COM_CALC_DTL
table,IAS_CST_COM_CALC_MST
table,IAS_CST_COM_STP_DTL
table,IAS_CST_COM_STP_MST
table,IAS_CST_MEASUR_DTL
table,IAS_CST_MEASUR_MST
table,IAS_CST_SMAN
table,IAS_CST_VND_TMP
table,IAS_CURRENCY_VALUE
table,IAS_CUR_DIFF_TMP
table,IAS_CUSTOMER_CC_LMT
table,IAS_CUSTOMER_CC_LMT_RQ
table,IAS_CUSTOMER_MEASURE
table,IAS_CUSTOMER_SIGNS
table,IAS_DATE_LOCK_USER
table,IAS_DATE_LOCK_USER_SCR
table,IAS_DESC_DOC
table,IAS_DETAIL_GROUP
table,IAS_DEVICE_TYPES
table,IAS_DFLT_DATA_ONLINE
table,IAS_DFLT_PRICE_LVL
table,IAS_DOC_DEL
table,IAS_DOC_PST_UNPST_TMP
table,IAS_DRIVERS
table,IAS_DR_CST_DTL
table,IAS_DR_CST_MST
table,IAS_DR_DET_PAID_TMP
table,IAS_DR_DET_TMP
table,IAS_DUE_CREDIT_CARD
table,IAS_EMP_COM_CALC_DTL
table,IAS_EMP_COM_CALC_MST
table,IAS_EMP_COM_STP_DTL
table,IAS_EMP_COM_STP_MST
table,IAS_EXCH_CUR_DTL
table,IAS_EXCH_CUR_MST
table,IAS_EX_RATE_TRACE
table,IAS_FAVORITE_SCR
table,IAS_FORM_NAME
table,IAS_FREIGHT_DTL
table,IAS_FREIGHT_MST
table,IAS_FRM_FLD
table,IAS_FRM_FLD_PRIV
table,IAS_GLRQ_TYPES
table,IAS_GLRQ_TYPES_PRIV
table,IAS_GL_CSHFLW_AC
table,IAS_GL_CSHFLW_DTL
table,IAS_GL_CSHFLW_FLD
table,IAS_GL_CSHFLW_FLD_DTL
table,IAS_GL_CSHFLW_MST
table,IAS_GL_CSHFLW_TMP
table,IAS_GL_REQ_DTL
table,IAS_GL_REQ_MST
table,IAS_GNR_CODE_DTL
table,IAS_GNR_CODE_MST
table,IAS_GRNT_DTL
table,IAS_GRNT_INCR_MST
table,IAS_GRNT_MST
table,IAS_GRN_TYPES
table,IAS_GRP_ITM_LVL
table,IAS_GRP_ITM_LVL_TREE
table,IAS_GR_INCOMING_DTL
table,IAS_GR_INCOMING_MST
table,IAS_INCOUT_DTL
table,IAS_INCOUT_MST
table,IAS_INSRNCE_CARD
table,IAS_INSRNCE_CARD_CHRONIC
table,IAS_INSRNCE_CLAIM_DTL
table,IAS_INSRNCE_CLAIM_MST
table,IAS_INSRNCE_CLAIM_VST
table,IAS_INSRNCE_CLSS_ITM_TYP
table,IAS_INSRNCE_CLSS_LMT_DOC
table,IAS_INSRNCE_CLSS_LMT_MNTH
table,IAS_INSRNCE_CLSS_MDCL_NET
table,IAS_INSRNCE_CMP
table,IAS_INSRNCE_CMP_CLSS
table,IAS_INSTALLMENT_PI
table,IAS_INV_MACHINE_DTL
table,IAS_INV_MACHINE_MST
table,IAS_INV_MANAGEMENT
table,IAS_INV_MANAGEMENT_TMP
table,IAS_INV_TYPES
table,IAS_ITEMS_ACTIVITY
table,IAS_ITEMS_ACTIVITY_PRIV
table,IAS_ITEMS_COLLECT_TMP
table,IAS_ITEMS_NOT_STORE_TMP
table,IAS_ITEMS_STORE_TMP
table,IAS_ITEM_LEVELS
table,IAS_ITEM_PRICE
table,IAS_ITEM_PRICE_HISTORY
table,IAS_ITEM_REQUIREMENTS
table,IAS_ITEM_SERIALNO
table,IAS_ITEM_SERIALNO_BR
table,IAS_ITEM_SERIALNO_GRN
table,IAS_ITEM_SERIALNO_OTHRS
table,IAS_ITEM_SERIAL_DESC
table,IAS_ITMAGING_TMP
table,IAS_ITMS_TRNSFR_QTY_TMP
table,IAS_ITM_ATTACH
table,IAS_ITM_ATTACH_MOVEMENT
table,IAS_ITM_ATTACH_MOVEMENT_BR
table,IAS_ITM_ATTACH_OTHRS
table,IAS_ITM_DTL
table,IAS_ITM_GRANT_CARD
table,IAS_ITM_LVL_MEASURE
table,IAS_ITM_LVL_MEASURE_DTL
table,IAS_ITM_MEASUR_DTL
table,IAS_ITM_MEASUR_MST
table,IAS_ITM_MST
table,IAS_ITM_ONLINE
table,IAS_ITM_ONLINE_IMG
table,IAS_ITM_PERIODIC_COST
table,IAS_ITM_QTY_LMT
table,IAS_ITM_SALES_AGE
table,IAS_ITM_UNT_BARCODE
table,IAS_ITM_WCODE
table,IAS_ITM_WTAVG_TMP
table,IAS_JRS_FLDORDR_DTL
table,IAS_JRS_FLDORDR_MST
table,IAS_KIMB_ADJUSTMENT
table,IAS_LOGS
table,IAS_LOW_LMT_PRD_STOCK
table,IAS_MACHINES
table,IAS_MAINSUB_GRP_DTL
table,IAS_MEASUR_DSC_ITM_DTL
table,IAS_MEASUR_DSC_ITM_MST
table,IAS_MEDICAL_NET
table,IAS_MISSING_DOC_TMP
table,IAS_MIS_EQ_DTL_TMP
table,IAS_MIS_EQ_MST_TMP
table,IAS_MNDTRY_SCR_FIELDS
table,IAS_MSG_SMS
table,IAS_MSG_USER
table,IAS_MSG_USER_DTL
table,IAS_NOTES_USER
table,IAS_NOTE_TYPES
table,IAS_OPEN_STOCK
table,IAS_OUTGOING_DTL
table,IAS_OUTGOING_DTL_BR
table,IAS_OUTGOING_MST
table,IAS_OUTGOING_MST_BR
table,IAS_OUTGOING_PLAN_DTL
table,IAS_OUTGOING_PLAN_MST
table,IAS_OUT_REQUEST_DTL
table,IAS_OUT_REQUEST_MST
table,IAS_PARA_AP
table,IAS_PARA_AR
table,IAS_PARA_GEN
table,IAS_PARA_GL
table,IAS_PARA_INV
table,IAS_PARA_LGHT
table,IAS_PARA_ONLINE
table,IAS_PARA_REP_DTL
table,IAS_PARA_REP_MST
table,IAS_PERIOD_EX_RATE
table,IAS_PERIOD_EX_RATE_DAY
table,IAS_PI_BILL_DTL
table,IAS_PI_BILL_DTL_ADD_DISC
table,IAS_PI_BILL_EXPND
table,IAS_PI_BILL_JRNL
table,IAS_PI_BILL_MST
table,IAS_PI_BILL_MST_ADD_DISC
table,IAS_PJ_ACTV
table,IAS_PJ_TREE
table,IAS_PL_CLOSING_TMP
table,IAS_POINT_TYP_CALC_DTL
table,IAS_POINT_TYP_MST
table,IAS_POINT_TYP_RPLC_DTL
table,IAS_PORDER_TYPES
table,IAS_POST_DTL
table,IAS_POST_MST
table,IAS_PREQ_TYPES
table,IAS_PRICING_LEVELS
table,IAS_PRINT_BARCODE_TMP
table,IAS_PRIV_ACTVTY
table,IAS_PRIV_AP
table,IAS_PRIV_AR
table,IAS_PRIV_COLLECTORS
table,IAS_PRIV_CUSTOMER
table,IAS_PRIV_INV_TYPE
table,IAS_PRIV_NOTE_TYPES
table,IAS_PRIV_PMAN
table,IAS_PRIV_PRICE
table,IAS_PRIV_PROJECTS
table,IAS_PRIV_SMAN
table,IAS_PRIV_STK_ADJST_TYPES
table,IAS_PRIV_VENDOR
table,IAS_PRM_CST
table,IAS_PRM_ITM
table,IAS_PROJECTS
table,IAS_PROJECTS_GROUP
table,IAS_PROMOTERS
table,IAS_PROVINCES
table,IAS_PRQST_AUTO_DTL
table,IAS_PRQST_AUTO_MST
table,IAS_PR_BILL_DTL
table,IAS_PR_BILL_MST
table,IAS_PR_REQ_BILL_DTL
table,IAS_PR_REQ_BILL_MST
table,IAS_PURCHS_MAN
table,IAS_PUR_PLAN_DTL
table,IAS_PUR_PLAN_MST
table,IAS_PYMNT_DTL
table,IAS_QUOT_TYPES
table,IAS_QUT_PRM_DTL
table,IAS_QUT_PRM_MST
table,IAS_QUT_PRM_SUB_DTL
table,IAS_RCPT_DOC_TYPES
table,IAS_RECEIPT_DOC
table,IAS_RECEIPT_WATCHES
table,IAS_REEVALUATE
table,IAS_REPAIR_ORDER_DTL
table,IAS_REPAIR_ORDER_MST
table,IAS_REPLICA_TABLE_BR
table,IAS_REPLICA_TABLE_DTL
table,IAS_REPLICA_TABLE_MST
table,IAS_REP_SMPLE_USER
table,IAS_REQUEST_MATERIALS
table,IAS_REQ_MOD_PRICE_DTL
table,IAS_REQ_MOD_PRICE_MST
table,IAS_RESERVE_DTL
table,IAS_RESERVE_MST
table,IAS_RET_BILL_DTL
table,IAS_RET_BILL_MST
table,IAS_ROUTE_DTL
table,IAS_ROUTE_MST
table,IAS_RQ_JRNL_DTL
table,IAS_RQ_JRNL_MST
table,IAS_RQ_VCHR_DTL
table,IAS_RQ_VCHR_MST
table,IAS_RT_BILL_DTL
table,IAS_RT_BILL_DTL_BR
table,IAS_RT_BILL_DTL_RQ
table,IAS_RT_BILL_MST
table,IAS_RT_BILL_MST_BR
table,IAS_RT_BILL_MST_RQ
table,IAS_RT_SALES_REASON
table,IAS_RT_SALES_TYPES
table,IAS_SALESMAN_TYPES
table,IAS_SALES_COMMISSION
table,IAS_SALES_DISC_HISTORY
table,IAS_SALES_FREE_QTY_HISTORY
table,IAS_SALES_PLAN_DTL
table,IAS_SALES_PLAN_MST
table,IAS_SALES_TYPES
table,IAS_SHW_DOC_PRIV
table,IAS_SIGNATURE
table,IAS_SMAN_CALC_COMM_DTL
table,IAS_SMAN_CALC_COMM_MST
table,IAS_SMAN_COMM_DTL
table,IAS_SMAN_COMM_SLICES
table,IAS_SMAN_COMM_TYPE_DTL
table,IAS_SMAN_COMM_TYPE_MST
table,IAS_SMAN_COM_CALC_DTL
table,IAS_SMAN_COM_CALC_MST
table,IAS_SMAN_COM_STP_DTL
table,IAS_SMAN_COM_STP_MST
table,IAS_SMAN_EMP_CALC_COMM
table,IAS_SMAN_ITM_ACTVTY
table,IAS_SMAN_SALES_COMM
table,IAS_SORDER_TYPES
table,IAS_STK_ADJST_TYPES
table,IAS_STRG_WCHILD_TMP
table,IAS_SUB_CST_MEASUR_DTL
table,IAS_SUB_CST_MEASUR_MST
table,IAS_SUB_GRP_DTL
table,IAS_TENDER_DTL
table,IAS_TENDER_MST
table,IAS_TENDER_TYPES
table,IAS_TRACE_LGN_NOTE
table,IAS_TRANSFER_IN_BR_TMP
table,IAS_TRANSFER_IN_SUB_MAIN_TMP
table,IAS_TRANSFER_IN_SUB_TMP
table,IAS_TRANSFER_IN_TMP
table,IAS_TRANSFER_OUT_BR_TMP
table,IAS_TRANSFER_OUT_SUB_MAIN_TMP
table,IAS_TRANSFER_OUT_SUB_TMP
table,IAS_TRANSFER_OUT_TMP
table,IAS_TRANSFER_PRIORTY
table,IAS_TRNSFR_QTY_APPROVED
table,IAS_TRNSFR_QTY_APPROVED_TMP
table,IAS_UNTS_CONV
table,IAS_USER_GROUP
table,IAS_USER_HEAD
table,IAS_USR_COPY_AUD
table,IAS_USR_LGN_HSTRY
table,IAS_VCHR_CHQ_DTL
table,IAS_VENDOR_BANK
table,IAS_VENDOR_DEGREE
table,IAS_VNDR_CRAGE_TMP
table,IAS_VNDR_ITM
table,IAS_VND_QUOT_DTL
table,IAS_VND_QUOT_MST
table,IAS_VND_TRANS_TMP
table,IAS_VOUCHR_TYPE
table,IAS_WEEK_REP_TMP
table,IAS_WHTRNS_DTL
table,IAS_WHTRNS_DTL_BR
table,IAS_WHTRNS_MST
table,IAS_WHTRNS_MST_BR
table,IAS_WHTRNS_MULTI_DTL
table,IAS_WHTRNS_MULTI_MST
table,IAS_WORK_ORDER_DTL
table,IAS_WORK_ORDER_MST
table,IAS_WORK_ORDER_TYPES
table,IAS_WT_ITMS_TMP
table,IAS_YR_BAL_TMP
table,INCOM_TYPES
table,INSTALLMENT
table,INSTALLMENT_BR
table,INTERFACE_ACC
table,ITEMS_COSTING
table,ITEMS_ORDER
table,ITEM_BIN
table,ITEM_MOVEMENT
table,ITEM_TYPES
table,JRS_DOC_JV_TYP_CONN_ACC
table,JRS_PARA
table,JV_TYPES
table,JV_TYPES_DETAIL
table,KIT_ITEMS
table,KIT_ITEMS_DETAIL
table,K_DETAIL
table,LC_DETAIL
table,LC_MASTER
table,MASTER_GATE_GR
table,MASTER_INV
table,MASTER_JOURNAL_V
table,MASTER_JOURNAL_V_BR
table,MASTER_OUT_BILLS
table,MEASUREMENT
table,MOB_NTFCTN
table,NOTE
table,NOTE_DETAIL
table,OPEN_BAL
table,ORDER_DETAIL
table,OTHER_CHARGES
table,OTHER_CHARGES_BR
table,OTHER_CHARGES_ITEMS
table,OTHER_CHARGES_ITEMS_BR
table,OTHER_CHARGES_ITEMS_OTHRS
table,OTHER_CHARGES_OTHRS
table,OUTGOING_ACCOUNTS
table,OUT_TYPES
table,PO_FUP
table,PRIVILEGE
table,PRIVILEGE_CC
table,PRIVILEGE_FIXED
table,PRIVILEGE_GC
table,PRIVILEGE_WH
table,PRIV_ACC
table,PRIV_CASH
table,PRIV_INCOME_TYPE
table,PRIV_OUT_TYPE
table,PRIV_REQ_TYPE
table,PRIV_TRNSFR_TYPE
table,P_ORDER
table,P_ORDER_DETAIL
table,P_REQUEST
table,P_REQUEST_DETAIL
table,QUOTATION
table,QUOTATION_DETAIL
table,REGIONS
table,REQUEST_TYPES
table,SALES_CHARGES
table,SALES_CHARGES_ITEMS
table,SALES_DISC
table,SALES_FREE_QTY
table,SALES_MAN
table,SALES_ORDER
table,SALE_COST
table,STK_ADJUSTMENT
table,STK_ADJUSTMENT_DET
table,STN_BILL_COUPON
table,STN_BILL_CRDT
table,STN_BILL_DTL
table,STN_BILL_MST
table,STN_BILL_PAY_CSH
table,STN_COUNTERS
table,STN_COUNTERS_EMP
table,STN_COUPONS
table,STN_CPN_SLS_DTL
table,STN_CPN_SLS_MST
table,STN_CRDT_BILL_DTL
table,STN_CRDT_BILL_MST
table,STN_FUEL_TYP
table,STN_JRNL_DIFF_EMP_DTL
table,STN_JRNL_DIFF_EMP_MST
table,STN_PRD
table,SUB_CUSTOMER
table,S_ALRT_DATA_TMP
table,S_ALRT_SYS_DTL
table,S_ALRT_SYS_MST
table,S_APPRVD_LVL
table,S_APPRVD_MOV
table,S_APPRVD_SHW_DOC
table,S_APPRVD_USR
table,S_BRN
table,S_BRN_GRPS
table,S_BRN_USR_PRIV
table,S_CMPNY
table,S_CODE_SEND_MSG
table,S_CONN_CNTCT
table,S_DDC_SCR_DTL
table,S_DIR_CONN
table,S_DOC_MSG_ALRT
table,S_DOC_TYP_MSG
table,S_EMP
table,S_EMP_BNK
table,S_EMP_CODE_DTL
table,S_EMP_CODE_MST
table,S_EMP_FMLY
table,S_EMP_GRNTR
table,S_EMP_HLDY_BLNC
table,S_EMP_PRV
table,S_EMP_RLTV_TCKTS
table,S_EMP_SPNSR
table,S_FLAGS
table,S_FLAGS_PRIV
table,S_GRNTR
table,S_HRCHY
table,S_HRCHY_TYP
table,S_JRNL_FILE_DTL
table,S_JRNL_FILE_MST
table,S_LOV_SLCT
table,S_LST_SLCT
table,S_MOBILE_SCR
table,S_MOBILE_SCR_NM
table,S_MOBILE_SCR_PRV
table,S_PRD_BRN_CLS
table,S_PRD_DAY
table,S_PRD_DTL
table,S_PRD_MST
table,S_PRMTR_MSG
table,S_RP_EXTRA_PRMTRS_DTL
table,S_RP_EXTRA_PRMTRS_MST
table,S_SCR_LBL
table,S_SEQ_CTL
table,S_SEQ_VALUES
table,S_SLCT_FLD
table,S_SPNSR
table,S_THMS
table,S_TP
table,S_USR_ALRT_SYS_PRIV
table,S_USR_HND_DVC
table,S_USR_TP_PRV
table,S_ZONE
table,TELECOM_STP
table,TRANSFER_TYPES
table,USER_FNGR
table,USER_R
table,VENDOR_CLASS
table,VENDOR_CURR
table,VENDOR_GROUP
table,VOUCHERS
table,VOUCHERS_BR
table,VOUCHER_DETAIL
table,V_DETAILS
table,WAREHOUSE_DETAILS
table,WAREHOUSE_GROUP
type,CREATE
view,BGT_V_BLNC
view,BGT_V_TRNS
view,FNG_GET_ARTCL_ZEROS
view,FNG_V_ACTL_ATTND_PRCNT
view,FNG_V_ARTCL_CLC
view,FNG_V_CLC_ARTCL_DTL
view,FNG_V_CLC_ARTCL_DTL2
view,FNG_V_CLC_ARTCL_DTL3
view,FNG_V_CLC_ARTCL_DTL6
view,FNG_V_CLC_ARTCL_NET
view,FNG_V_MCHN_DATA_ATTNDNC
view,FNG_V_SHFT_GUD
view,FNG_V_STATIC_ARTCL_DTL
view,GLS_V_DOC_PST_UNPST
view,HRS_V_ALL_RQ
view,HRS_V_ARTCL_DDC
view,HRS_V_DSRV_DTL
view,HRS_V_DSRV_MST
view,HRS_V_EMP_HLDY
view,HRS_V_EMP_HLDY_DTL
view,HRS_V_EMP_MOVMNT
view,HRS_V_EMP_MOVMNT_YR
view,HRS_V_FAS_ASSETS_MST
view,HRS_V_HLDY_ADJST
view,HRS_V_HLDY_DTL
view,HRS_V_HLDY_MST
view,HRS_V_HLDY_RQ_ADJST
view,HRS_V_LOAN_DTL
view,HRS_V_LOAN_MST
view,HRS_V_MDCL_CARE_DTL
view,HRS_V_MDCL_CARE_MST
view,HRS_V_PRD_BRN_CALC
view,HRS_V_PRD_BRN_CLS
view,HRS_V_PRD_DAY
view,HRS_V_PRD_DAY_HLDY
view,HRS_V_PRD_WRK_EMP
view,HRS_V_RQ_HLDY
view,HRS_V_RQ_HLDY_ALL
view,HRS_V_RQ_HLDY_DTL
view,HRS_V_SLRY_CALC_DTL
view,HRS_V_SLRY_CALC_MST
view,HRS_V_TCKT_PYMNT
view,HRS_V_TRNSMSN_EMP_MST
view,HRS_V_TRN_COURS_RCORD
view,HRS_V_TRN_COURS_RCORD_GOAL
view,HRS_V_TRN_COURS_RCORD_RLTD
view,HRS_V_TRN_COURS_RCORD_SUBJCT
view,HRS_V_USR_ARTCL_PRV
view,HRS_V_VLTN_DTL
view,IAS_POST_DETAILS
view,IAS_V_ACCNT_BLNC
view,IAS_V_AC_AMT
view,IAS_V_AC_LC_AMT
view,IAS_V_AP_TYPES
view,IAS_V_AR_TYPES
view,IAS_V_BILL_AMT_ERR
view,IAS_V_BSOQTY
view,IAS_V_CHK_AC_DTL_TRNS
view,IAS_V_CHK_ADJ_INSTLL_AP
view,IAS_V_CHK_ADJ_INSTLL_AR
view,IAS_V_CHK_COMP_DATA
view,IAS_V_CHK_CPQTY
view,IAS_V_CHK_CSTTRNS
view,IAS_V_CHK_ITM_GCODE
view,IAS_V_CHK_POST
view,IAS_V_CHK_VNDTRNS
view,IAS_V_CSTMR_MSG
view,IAS_V_CST_TRNS
view,IAS_V_CST_VND_TRNS
view,IAS_V_CTRANS
view,IAS_V_DIFF_WTAVG_ITM
view,IAS_V_DIFF_WTAVG_WCODE_ITM
view,IAS_V_DIFF_WTAVG_WHGCODE_ITM
view,IAS_V_DOCTYP_USR
view,IAS_V_GR_DETAIL_YR
view,IAS_V_GR_DET_PY
view,IAS_V_GR_NOTE_PY
view,IAS_V_INV_STORAGE
view,IAS_V_INV_TYPES
view,IAS_V_ITEM_MOVEMENT_YR
view,IAS_V_ITEM_NOT_STORE
view,IAS_V_ITM_MOV_EXP_BTCH_AVLQTY
view,IAS_V_ITM_SERIAL_PY
view,IAS_V_ITM_UNT
view,IAS_V_LIST_CCODE
view,IAS_V_LIST_ICODE
view,IAS_V_NY_EX_RATE
view,IAS_V_NY_GR_DETAIL
view,IAS_V_NY_GR_INCOMING_DTL
view,IAS_V_NY_GR_INCOMING_MST
view,IAS_V_NY_GR_NOTE
view,IAS_V_NY_IAS_ATTACH_DTL
view,IAS_V_NY_IAS_ATTACH_MST
view,IAS_V_NY_IAS_ITEM_SERIALNO
view,IAS_V_NY_IAS_ITM_ATTACH
view,IAS_V_NY_IAS_ITM_ATTACH_OTHRS
view,IAS_V_NY_IAS_ITM_MST
view,IAS_V_NY_IAS_ITM_WCODE
view,IAS_V_NY_IAS_OPEN_STOCK
view,IAS_V_NY_INSTALLMENT
view,IAS_V_NY_INSTALLMENT_PI
view,IAS_V_NY_ITEM_MOVEMENT
view,IAS_V_NY_ITM_ATTACH_MOVEMENT
view,IAS_V_NY_OPEN_BAL
view,IAS_V_NY_ORDER_DETAIL
view,IAS_V_NY_OUT_REQUEST_DTL
view,IAS_V_NY_OUT_REQUEST_MST
view,IAS_V_NY_P_ORDER
view,IAS_V_NY_P_ORDER_DETAIL
view,IAS_V_NY_P_REQUEST
view,IAS_V_NY_P_REQUEST_DETAIL
view,IAS_V_NY_QUOTATION
view,IAS_V_NY_QUOTATION_DETAIL
view,IAS_V_NY_SALES_ORDER
view,IAS_V_NY_S_PRD_DTL
view,IAS_V_NY_VND_QUOT_DTL
view,IAS_V_NY_VND_QUOT_MST
view,IAS_V_OPEN_BAL
view,IAS_V_OUTGOING_AMT_ERR
view,IAS_V_PI_BILL_AMT_ERR
view,IAS_V_PI_DET_PY
view,IAS_V_PI_PY
view,IAS_V_POST_DTL
view,IAS_V_PR_BILL_AMT_ERR
view,IAS_V_PR_DET_PY_LIST
view,IAS_V_RT_BILL_AMT_ERR
view,IAS_V_SALE1
view,IAS_V_SALE2
view,IAS_V_SALE3
view,IAS_V_SMAN_PRM
view,IAS_V_SOQTY
view,IAS_V_SO_BILL_QTY
view,IAS_V_UPAVLQTY
view,IAS_V_USR_ACC_PRV
view,IAS_V_USR_ACTIVITY_PRV
view,IAS_V_USR_ALRT_PRV
view,IAS_V_USR_AP_PRV
view,IAS_V_USR_AR_PRV
view,IAS_V_USR_BNK_PRV
view,IAS_V_USR_BRN_PRV
view,IAS_V_USR_COLLECTOR_PRV
view,IAS_V_USR_CSH_PRV
view,IAS_V_USR_CST_CNTR_PRV
view,IAS_V_USR_CST_PRV
view,IAS_V_USR_FLG_PRV
view,IAS_V_USR_FRM_FLD_PRV
view,IAS_V_USR_GLRQ_TYP_PRV
view,IAS_V_USR_GLS_NOTE_TYP_PRV
view,IAS_V_USR_GRP_DTL_PRV
view,IAS_V_USR_INV_INC_TYP_PRV
view,IAS_V_USR_INV_OUT_TYP_PRV
view,IAS_V_USR_INV_REQ_TYP_PRV
view,IAS_V_USR_INV_TRNSFR_TYP_PRV
view,IAS_V_USR_INV_TYP_PRV
view,IAS_V_USR_ITM_ACTVTY_PRV
view,IAS_V_USR_JV_PRV
view,IAS_V_USR_PRICING_LVL_PRV
view,IAS_V_USR_PROJCT_PRV
view,IAS_V_USR_PUR_MAN_PRV
view,IAS_V_USR_REP_SMPLE_PRV
view,IAS_V_USR_SALES_MAN_PRV
view,IAS_V_USR_SCR_PRV
view,IAS_V_USR_STK_TYP_PRV
view,IAS_V_USR_VNDR_PRV
view,IAS_V_USR_WC_PRV
view,IAS_V_VNDR_ITM
view,IAS_V_VND_TRNS
view,IAS_V_VTRANS
view,IAS_V_WHTRNS_DTL_YR
view,IAS_V_WHTRNS_MST_YR
view,ITEM_DETAILS
view,S_EMP_V_HLDY_BLNC
view,S_V_EMP_ESS_SCR_PRV
view,S_V_EMP_PRV
view,S_V_HRCHY_PRV
view,S_V_USR_MOBILE_SCR_PRV
view,S_V_USR_TP_PRV
